DASH BOARD  (이 페이지의 모든 숫자는 매일 자동 업데이트 됩니다),,,,,,,,,,,,,,,
부동산 500억 목표,,42.44%,,,,D-1569,,,,,,[USD/KRW 환율],1,345.86,[vix지수],17.56
,,,,,,,,,,,,[미국10년국채금리],4.98,,
,,,,,,,,,,,,[한국 기준금리],3.5,,
,,,,,,,,,,,,,,,
현황 요약,,,,,,,,,9월 임대관리,,,,,,
구분 (갯수),실투자금,현재시세,미래가치,월 임대수익,월 이자비용,순 현금흐름,180일 이내 (만기/상가30, 주택60일),,일,월,화,수,목,금,토
총합계,9,829,022,209,21,218,000,000,63,188,000,000,15,010,618,5,853,333,9,157,285,고미빌딩 203호 (D-80일),,,,1,2,3,4,5
고미,1,572,930,696,1,750,000,000,1,950,000,000,3,355,000,1,205,000,2,150,000,김미한상가 지하7-1-2호 (D-166일),,,,1,2,3,4,5
뉴푸드,149,902,350,790,000,000,2,000,000,000,0,384,167,-384,167,문라연상가 지하7-1-3호 (D-177일),,,,,,,,
양아선,1,938,528,960,5,048,000,000,15,698,000,000,10,103,618,4,264,167,5,839,451,동남빌라 101호 (D-128일),,6,7,8,9,10,11,12
위탁,6,167,660,203,13,630,000,000,43,540,000,000,1,552,000,0,1,552,000,신원일집 101호 (D-77일),,6,,🔴 에이치케이, 강동훈, 와이에스비, 박병규, 강동훈, 손동협, 김리라, 안효훈,,,🔴 신국어연구,
,,,,,,,한제근집 805호 (D-148일),,,,,,,,
,,,,,,,김조영집 303호 (D-74일),,13,14,15,16,17,18,19
유형,자산 총합계,상가,주택,지산,토지,호텔,,,,,🔴 에이치케이, 강동훈, 와이에스비, 박병규, 강동훈, 손동협, 김리라, 안효훈,,,🔴 신국어연구,
평가금액,21,218,000,000,5,600,000,000,13,670,000,000,950,000,000,800,000,000,198,000,000,,,,,,,,,
자산비중,100.00%,26.39%,64.43%,4.48%,3.77%,0.93%,,,20,21,22,23,24,25,26
평균수익률,0,,,,,,,,,,🔴 에이치케이, 강동훈, 와이에스비, 박병규, 강동훈, 손동협, 김리라, 안효훈,,,🔴 신국어연구,
,,,,,,,,,,,,,,,
,,,,,,,,,27,28,29,30,,,
,,,,,,,,,,,🔴 에이치케이, 강동훈, 와이에스비, 박병규, 강동훈, 손동협, 김리라, 안효훈,,,🔴 신국어연구,
